Keyword,Rank,Title,Link,Description,Domain
wedding registry,9,"Macy's|Wedding Registry, Bridal Registry, wedding gift, anniversary ...",https://www.macys.com/wedding-registry,"Extra 15 percent off, Extra 10 percent off electrics, furniture and mattresses, 
exclusions. find. A COUPLE'S REGISTRY. guests start here! find a couple's 
registry.",macys.com
wedding gift registry,6,"Macy's|Wedding Registry, Bridal Registry, wedding gift, anniversary ...",https://www.macys.com/wedding-registry,"The Registry Guide, create the registry of your dreams with our helpful tools, ... 
The Wedding Shop, clothing, accessories, jewelry, gifts and more: everything you
.",macys.com
wedding registry finder,6,Registry Search - Macy's,www.macys.com/registry/wedding/registrysearch,"back to macys.com; help; rewards program · registry manager · registry ... Look 
What's Happening at Macy's! you said yes? create your Macy's Wedding and Gift.",macys.com
wedding gift registries,9,"Macy's|Wedding Registry, Bridal Registry, wedding gift, anniversary ...",https://www.macys.com/wedding-registry,"The Registry Guide, create the registry of your dreams with our helpful tools, ... 
The Wedding Shop, clothing, accessories, jewelry, gifts and more: everything you
.",macys.com
wedding registry gifts,10,"Macy's|Wedding Registry, Bridal Registry, wedding gift, anniversary ...",https://www.macys.com/wedding-registry,"The Registry Guide, create the registry of your dreams with our helpful tools, ... 
The Wedding Shop, clothing, accessories, jewelry, gifts and more: everything you
.",macys.com
wedding gifts registry,9,"Macy's|Wedding Registry, Bridal Registry, wedding gift, anniversary ...",https://www.macys.com/wedding-registry,"The Registry Guide, create the registry of your dreams with our helpful tools, ... 
The Wedding Shop, clothing, accessories, jewelry, gifts and more: everything you
.",macys.com
wedding registry gift,4,"Macy's|Wedding Registry, Bridal Registry, wedding gift, anniversary ...",https://www.macys.com/wedding-registry,"The Registry Guide, create the registry of your dreams with our helpful tools, ... 
The Wedding Shop, clothing, accessories, jewelry, gifts and more: everything you
.",macys.com
gift registry wedding,7,"Macy's|Wedding Registry, Bridal Registry, wedding gift, anniversary ...",https://www.macys.com/wedding-registry,"The Registry Guide, create the registry of your dreams with our helpful tools, ... 
The Wedding Shop, clothing, accessories, jewelry, gifts and more: everything you
.",macys.com
wedding and gift registry,4,"Macy's|Wedding Registry, Bridal Registry, wedding gift, anniversary ...",https://www.macys.com/wedding-registry,"The Registry Guide, create the registry of your dreams with our helpful tools, ... 
The Wedding Shop, clothing, accessories, jewelry, gifts and more: everything you
.",macys.com
at home gift registry,7,"Macy's|Wedding Registry, Bridal Registry, wedding gift, anniversary ...",https://www.macys.com/wedding-registry,"The Registry Guide, create the registry of your dreams with our helpful tools, 
practical · Home Decorating, style quiz, find the perfect look for your newlywed 
life, ...",macys.com
gift registry search,5,Registry Search - Macy's,www.macys.com/registry/wedding/registrysearch,"back to macys.com; help; rewards program · registry manager · registry ... Look 
What's Happening at Macy's! you said yes? create your Macy's Wedding and Gift.",macys.com
